photo_id,species,marked,inat_url
90002810,Spizelloides arborea,0,https://www.inaturalist.org/photos/90002810
207576934,Spizelloides arborea,0,https://www.inaturalist.org/photos/207576934
90002943,Spizelloides arborea,0,https://www.inaturalist.org/photos/90002943
210864997,Spizelloides arborea,0,https://www.inaturalist.org/photos/210864997
210864927,Spizelloides arborea,0,https://www.inaturalist.org/photos/210864927
210864866,Spizelloides arborea,0,https://www.inaturalist.org/photos/210864866
203136973,Spizelloides arborea,0,https://www.inaturalist.org/photos/203136973
136195120,Spizelloides arborea,0,https://www.inaturalist.org/photos/136195120
224005248,Spizelloides arborea,0,https://www.inaturalist.org/photos/224005248
151347670,Spizelloides arborea,0,https://www.inaturalist.org/photos/151347670
43826558,Spizelloides arborea,0,https://www.inaturalist.org/photos/43826558
298292375,Spizelloides arborea,0,https://www.inaturalist.org/photos/298292375
90002745,Spizelloides arborea,0,https://www.inaturalist.org/photos/90002745
425058209,Spizelloides arborea,0,https://www.inaturalist.org/photos/425058209
301715979,Spizelloides arborea,0,https://www.inaturalist.org/photos/301715979
139440927,Spizelloides arborea,0,https://www.inaturalist.org/photos/139440927
135640639,Spizelloides arborea,0,https://www.inaturalist.org/photos/135640639
135646210,Spizelloides arborea,0,https://www.inaturalist.org/photos/135646210
30119427,Spizelloides arborea,0,https://www.inaturalist.org/photos/30119427
330417204,Spizelloides arborea,0,https://www.inaturalist.org/photos/330417204
92236939,Spizelloides arborea,0,https://www.inaturalist.org/photos/92236939
30119428,Spizelloides arborea,0,https://www.inaturalist.org/photos/30119428
88968882,Spizelloides arborea,0,https://www.inaturalist.org/photos/88968882
155270807,Spizelloides arborea,0,https://www.inaturalist.org/photos/155270807
207576948,Spizelloides arborea,0,https://www.inaturalist.org/photos/207576948
91764380,Spizelloides arborea,0,https://www.inaturalist.org/photos/91764380
92236911,Spizelloides arborea,0,https://www.inaturalist.org/photos/92236911
331501087,Spizelloides arborea,0,https://www.inaturalist.org/photos/331501087
316473578,Spizelloides arborea,0,https://www.inaturalist.org/photos/316473578
330417206,Spizelloides arborea,0,https://www.inaturalist.org/photos/330417206
330417231,Spizelloides arborea,0,https://www.inaturalist.org/photos/330417231
357929870,Spizelloides arborea,0,https://www.inaturalist.org/photos/357929870
56984853,Spizelloides arborea,0,https://www.inaturalist.org/photos/56984853
299575180,Spizelloides arborea,0,https://www.inaturalist.org/photos/299575180
299575164,Spizelloides arborea,0,https://www.inaturalist.org/photos/299575164
323316754,Spizelloides arborea,0,https://www.inaturalist.org/photos/323316754
57162115,Spizelloides arborea,0,https://www.inaturalist.org/photos/57162115
56984862,Spizelloides arborea,0,https://www.inaturalist.org/photos/56984862
415170582,Spizelloides arborea,0,https://www.inaturalist.org/photos/415170582
136164817,Spizelloides arborea,0,https://www.inaturalist.org/photos/136164817
92379704,Spizelloides arborea,0,https://www.inaturalist.org/photos/92379704
331501082,Spizelloides arborea,0,https://www.inaturalist.org/photos/331501082
92921569,Spizelloides arborea,0,https://www.inaturalist.org/photos/92921569
356100972,Spizelloides arborea,0,https://www.inaturalist.org/photos/356100972
152771910,Spizelloides arborea,0,https://www.inaturalist.org/photos/152771910
297199527,Spizelloides arborea,0,https://www.inaturalist.org/photos/297199527
298887071,Spizelloides arborea,0,https://www.inaturalist.org/photos/298887071
154095347,Spizelloides arborea,0,https://www.inaturalist.org/photos/154095347
224009776,Spizelloides arborea,0,https://www.inaturalist.org/photos/224009776
190785502,Spizelloides arborea,0,https://www.inaturalist.org/photos/190785502
91764443,Spizelloides arborea,0,https://www.inaturalist.org/photos/91764443
154266585,Spizelloides arborea,0,https://www.inaturalist.org/photos/154266585
8895071,Spizelloides arborea,0,https://www.inaturalist.org/photos/8895071
155270875,Spizelloides arborea,0,https://www.inaturalist.org/photos/155270875
92379741,Spizelloides arborea,0,https://www.inaturalist.org/photos/92379741
292432667,Spizelloides arborea,0,https://www.inaturalist.org/photos/292432667
135644199,Spizelloides arborea,0,https://www.inaturalist.org/photos/135644199
172543211,Spizelloides arborea,0,https://www.inaturalist.org/photos/172543211
224359075,Spizelloides arborea,0,https://www.inaturalist.org/photos/224359075
286794157,Spizelloides arborea,0,https://www.inaturalist.org/photos/286794157
334683297,Spizelloides arborea,0,https://www.inaturalist.org/photos/334683297
224005101,Spizelloides arborea,0,https://www.inaturalist.org/photos/224005101
298887057,Spizelloides arborea,0,https://www.inaturalist.org/photos/298887057
299575207,Spizelloides arborea,0,https://www.inaturalist.org/photos/299575207
207582233,Spizelloides arborea,0,https://www.inaturalist.org/photos/207582233
242121033,Spizelloides arborea,0,https://www.inaturalist.org/photos/242121033
92379802,Spizelloides arborea,0,https://www.inaturalist.org/photos/92379802
407653890,Spizelloides arborea,0,https://www.inaturalist.org/photos/407653890
151348293,Spizelloides arborea,0,https://www.inaturalist.org/photos/151348293
174331259,Spizelloides arborea,0,https://www.inaturalist.org/photos/174331259
161321180,Spizelloides arborea,0,https://www.inaturalist.org/photos/161321180
68141965,Spizelloides arborea,0,https://www.inaturalist.org/photos/68141965
236590326,Spizelloides arborea,0,https://www.inaturalist.org/photos/236590326
330417229,Spizelloides arborea,0,https://www.inaturalist.org/photos/330417229
330412678,Spizelloides arborea,0,https://www.inaturalist.org/photos/330412678
207884518,Spizelloides arborea,0,https://www.inaturalist.org/photos/207884518
301128750,Spizelloides arborea,0,https://www.inaturalist.org/photos/301128750
92236891,Spizelloides arborea,0,https://www.inaturalist.org/photos/92236891
298887088,Spizelloides arborea,0,https://www.inaturalist.org/photos/298887088
152351238,Spizelloides arborea,0,https://www.inaturalist.org/photos/152351238
330417189,Spizelloides arborea,0,https://www.inaturalist.org/photos/330417189
134985630,Spizelloides arborea,0,https://www.inaturalist.org/photos/134985630
299575145,Spizelloides arborea,0,https://www.inaturalist.org/photos/299575145
407653822,Spizelloides arborea,0,https://www.inaturalist.org/photos/407653822
400353808,Spizelloides arborea,0,https://www.inaturalist.org/photos/400353808
316473775,Spizelloides arborea,0,https://www.inaturalist.org/photos/316473775
425058973,Spizelloides arborea,0,https://www.inaturalist.org/photos/425058973
113998334,Spizelloides arborea,0,https://www.inaturalist.org/photos/113998334
207560121,Spizelloides arborea,0,https://www.inaturalist.org/photos/207560121
210750688,Spizelloides arborea,0,https://www.inaturalist.org/photos/210750688
4494520,Spizelloides arborea,0,https://www.inaturalist.org/photos/4494520
207413614,Spizelloides arborea,0,https://www.inaturalist.org/photos/207413614
194360148,Spizelloides arborea,0,https://www.inaturalist.org/photos/194360148
88969060,Spizelloides arborea,0,https://www.inaturalist.org/photos/88969060
356100987,Spizelloides arborea,0,https://www.inaturalist.org/photos/356100987
226048285,Spizelloides arborea,0,https://www.inaturalist.org/photos/226048285
139441067,Spizelloides arborea,0,https://www.inaturalist.org/photos/139441067
172543198,Spizelloides arborea,0,https://www.inaturalist.org/photos/172543198
292425149,Spizelloides arborea,0,https://www.inaturalist.org/photos/292425149
88969201,Spizelloides arborea,0,https://www.inaturalist.org/photos/88969201
155270938,Spizelloides arborea,0,https://www.inaturalist.org/photos/155270938
195351,Spizelloides arborea,0,https://www.inaturalist.org/photos/195351
407929868,Spizelloides arborea,0,https://www.inaturalist.org/photos/407929868
83194154,Spizelloides arborea,0,https://www.inaturalist.org/photos/83194154
8458526,Spizelloides arborea,0,https://www.inaturalist.org/photos/8458526
215106054,Spizelloides arborea,0,https://www.inaturalist.org/photos/215106054
13402712,Spizelloides arborea,0,https://www.inaturalist.org/photos/13402712
357041410,Spizelloides arborea,0,https://www.inaturalist.org/photos/357041410
19822538,Spizelloides arborea,0,https://www.inaturalist.org/photos/19822538
351704555,Spizelloides arborea,0,https://www.inaturalist.org/photos/351704555
293189449,Spizelloides arborea,0,https://www.inaturalist.org/photos/293189449
300996032,Spizelloides arborea,0,https://www.inaturalist.org/photos/300996032
42989312,Spizelloides arborea,0,https://www.inaturalist.org/photos/42989312
209723531,Spizelloides arborea,0,https://www.inaturalist.org/photos/209723531
154095298,Spizelloides arborea,0,https://www.inaturalist.org/photos/154095298
19241400,Spizelloides arborea,0,https://www.inaturalist.org/photos/19241400
83194128,Spizelloides arborea,0,https://www.inaturalist.org/photos/83194128
211509705,Spizelloides arborea,0,https://www.inaturalist.org/photos/211509705
420235471,Spizelloides arborea,0,https://www.inaturalist.org/photos/420235471
357041361,Spizelloides arborea,0,https://www.inaturalist.org/photos/357041361
102057140,Spizelloides arborea,0,https://www.inaturalist.org/photos/102057140
9662889,Spizelloides arborea,0,https://www.inaturalist.org/photos/9662889
331276215,Spizelloides arborea,0,https://www.inaturalist.org/photos/331276215
224359010,Spizelloides arborea,0,https://www.inaturalist.org/photos/224359010
408780653,Spizelloides arborea,0,https://www.inaturalist.org/photos/408780653
139441124,Spizelloides arborea,0,https://www.inaturalist.org/photos/139441124
242121041,Spizelloides arborea,0,https://www.inaturalist.org/photos/242121041
244468728,Spizelloides arborea,0,https://www.inaturalist.org/photos/244468728
425058210,Spizelloides arborea,0,https://www.inaturalist.org/photos/425058210
357929852,Spizelloides arborea,0,https://www.inaturalist.org/photos/357929852
5507448,Spizelloides arborea,0,https://www.inaturalist.org/photos/5507448
357041378,Spizelloides arborea,0,https://www.inaturalist.org/photos/357041378
61837866,Spizelloides arborea,0,https://www.inaturalist.org/photos/61837866
170607612,Spizelloides arborea,0,https://www.inaturalist.org/photos/170607612
330417171,Spizelloides arborea,0,https://www.inaturalist.org/photos/330417171
242121053,Spizelloides arborea,0,https://www.inaturalist.org/photos/242121053
92921627,Spizelloides arborea,0,https://www.inaturalist.org/photos/92921627
331501083,Spizelloides arborea,0,https://www.inaturalist.org/photos/331501083
330412674,Spizelloides arborea,0,https://www.inaturalist.org/photos/330412674
351704568,Spizelloides arborea,0,https://www.inaturalist.org/photos/351704568
286409475,Spizelloides arborea,0,https://www.inaturalist.org/photos/286409475
206235561,Spizelloides arborea,0,https://www.inaturalist.org/photos/206235561
399046568,Spizelloides arborea,0,https://www.inaturalist.org/photos/399046568
238642,Spizelloides arborea,0,https://www.inaturalist.org/photos/238642
136164789,Spizelloides arborea,0,https://www.inaturalist.org/photos/136164789
207560109,Spizelloides arborea,0,https://www.inaturalist.org/photos/207560109
407929797,Spizelloides arborea,0,https://www.inaturalist.org/photos/407929797
91764722,Spizelloides arborea,0,https://www.inaturalist.org/photos/91764722
209499963,Spizelloides arborea,0,https://www.inaturalist.org/photos/209499963
174331244,Spizelloides arborea,0,https://www.inaturalist.org/photos/174331244
316473065,Spizelloides arborea,0,https://www.inaturalist.org/photos/316473065
206736177,Spizelloides arborea,0,https://www.inaturalist.org/photos/206736177
42658059,Spizelloides arborea,0,https://www.inaturalist.org/photos/42658059
407929960,Spizelloides arborea,0,https://www.inaturalist.org/photos/407929960
350487178,Spizelloides arborea,0,https://www.inaturalist.org/photos/350487178
2087195,Spizelloides arborea,0,https://www.inaturalist.org/photos/2087195
90003078,Spizelloides arborea,0,https://www.inaturalist.org/photos/90003078
207582217,Spizelloides arborea,0,https://www.inaturalist.org/photos/207582217
209985327,Spizelloides arborea,0,https://www.inaturalist.org/photos/209985327
408780866,Spizelloides arborea,0,https://www.inaturalist.org/photos/408780866
215106210,Spizelloides arborea,0,https://www.inaturalist.org/photos/215106210
331276189,Spizelloides arborea,0,https://www.inaturalist.org/photos/331276189
301670832,Spizelloides arborea,0,https://www.inaturalist.org/photos/301670832
209723565,Spizelloides arborea,0,https://www.inaturalist.org/photos/209723565
211562830,Spizelloides arborea,0,https://www.inaturalist.org/photos/211562830
88968967,Spizelloides arborea,0,https://www.inaturalist.org/photos/88968967
422172461,Spizelloides arborea,0,https://www.inaturalist.org/photos/422172461
8470361,Spizelloides arborea,0,https://www.inaturalist.org/photos/8470361
238641,Spizelloides arborea,0,https://www.inaturalist.org/photos/238641
42989305,Spizelloides arborea,0,https://www.inaturalist.org/photos/42989305
42989300,Spizelloides arborea,0,https://www.inaturalist.org/photos/42989300
90372990,Spizelloides arborea,0,https://www.inaturalist.org/photos/90372990
136164841,Spizelloides arborea,0,https://www.inaturalist.org/photos/136164841
207560058,Spizelloides arborea,0,https://www.inaturalist.org/photos/207560058
204011756,Spizelloides arborea,0,https://www.inaturalist.org/photos/204011756
211374,Spizelloides arborea,0,https://www.inaturalist.org/photos/211374
88968785,Spizelloides arborea,0,https://www.inaturalist.org/photos/88968785
8417631,Spizelloides arborea,0,https://www.inaturalist.org/photos/8417631
420235418,Spizelloides arborea,0,https://www.inaturalist.org/photos/420235418
88969234,Spizelloides arborea,0,https://www.inaturalist.org/photos/88969234
44298329,Spizelloides arborea,0,https://www.inaturalist.org/photos/44298329
207560138,Spizelloides arborea,0,https://www.inaturalist.org/photos/207560138
242121069,Spizelloides arborea,0,https://www.inaturalist.org/photos/242121069
31290877,Spizelloides arborea,0,https://www.inaturalist.org/photos/31290877
42989801,Spizelloides arborea,0,https://www.inaturalist.org/photos/42989801
220094460,Spizelloides arborea,0,https://www.inaturalist.org/photos/220094460
83194149,Spizelloides arborea,0,https://www.inaturalist.org/photos/83194149
207560160,Spizelloides arborea,0,https://www.inaturalist.org/photos/207560160
20911285,Spizelloides arborea,0,https://www.inaturalist.org/photos/20911285
422172552,Spizelloides arborea,0,https://www.inaturalist.org/photos/422172552
221887595,Spizelloides arborea,0,https://www.inaturalist.org/photos/221887595
54915583,Spizelloides arborea,0,https://www.inaturalist.org/photos/54915583
8417624,Spizelloides arborea,0,https://www.inaturalist.org/photos/8417624
83194123,Spizelloides arborea,0,https://www.inaturalist.org/photos/83194123
209723508,Spizelloides arborea,0,https://www.inaturalist.org/photos/209723508
152503434,Spizelloides arborea,0,https://www.inaturalist.org/photos/152503434
44387079,Spizelloides arborea,0,https://www.inaturalist.org/photos/44387079
6562459,Spizelloides arborea,0,https://www.inaturalist.org/photos/6562459
351680892,Spizelloides arborea,0,https://www.inaturalist.org/photos/351680892
301715970,Spizelloides arborea,0,https://www.inaturalist.org/photos/301715970
330417194,Spizelloides arborea,0,https://www.inaturalist.org/photos/330417194
172543212,Spizelloides arborea,0,https://www.inaturalist.org/photos/172543212
78060894,Spizelloides arborea,0,https://www.inaturalist.org/photos/78060894
172543068,Spizelloides arborea,0,https://www.inaturalist.org/photos/172543068
215106361,Spizelloides arborea,0,https://www.inaturalist.org/photos/215106361
213225091,Spizelloides arborea,0,https://www.inaturalist.org/photos/213225091
286793878,Spizelloides arborea,0,https://www.inaturalist.org/photos/286793878
2920725,Spizelloides arborea,0,https://www.inaturalist.org/photos/2920725
43658724,Spizelloides arborea,0,https://www.inaturalist.org/photos/43658724
207560091,Spizelloides arborea,0,https://www.inaturalist.org/photos/207560091
44387012,Spizelloides arborea,0,https://www.inaturalist.org/photos/44387012
209723578,Spizelloides arborea,0,https://www.inaturalist.org/photos/209723578
1005148,Spizelloides arborea,0,https://www.inaturalist.org/photos/1005148
224360950,Spizelloides arborea,0,https://www.inaturalist.org/photos/224360950
90002659,Spizelloides arborea,0,https://www.inaturalist.org/photos/90002659
5265703,Spizelloides arborea,0,https://www.inaturalist.org/photos/5265703
215105999,Spizelloides arborea,0,https://www.inaturalist.org/photos/215105999
49415455,Spizelloides arborea,0,https://www.inaturalist.org/photos/49415455
418375833,Spizelloides arborea,0,https://www.inaturalist.org/photos/418375833
221887616,Spizelloides arborea,0,https://www.inaturalist.org/photos/221887616
45819689,Spizelloides arborea,0,https://www.inaturalist.org/photos/45819689
152503416,Spizelloides arborea,0,https://www.inaturalist.org/photos/152503416
323650212,Spizelloides arborea,0,https://www.inaturalist.org/photos/323650212
330417188,Spizelloides arborea,0,https://www.inaturalist.org/photos/330417188
330417179,Spizelloides arborea,0,https://www.inaturalist.org/photos/330417179
221887341,Spizelloides arborea,0,https://www.inaturalist.org/photos/221887341
221887320,Spizelloides arborea,0,https://www.inaturalist.org/photos/221887320
207560076,Spizelloides arborea,0,https://www.inaturalist.org/photos/207560076
47368023,Spizelloides arborea,0,https://www.inaturalist.org/photos/47368023
149581231,Spizelloides arborea,0,https://www.inaturalist.org/photos/149581231
152305776,Spizelloides arborea,0,https://www.inaturalist.org/photos/152305776
152503469,Spizelloides arborea,0,https://www.inaturalist.org/photos/152503469
215659191,Spizelloides arborea,0,https://www.inaturalist.org/photos/215659191
147377154,Spizelloides arborea,0,https://www.inaturalist.org/photos/147377154
304014629,Spizelloides arborea,0,https://www.inaturalist.org/photos/304014629
95232401,Spizelloides arborea,0,https://www.inaturalist.org/photos/95232401
331501081,Spizelloides arborea,0,https://www.inaturalist.org/photos/331501081
300018833,Spizelloides arborea,0,https://www.inaturalist.org/photos/300018833
221887362,Spizelloides arborea,0,https://www.inaturalist.org/photos/221887362
428618711,Spizelloides arborea,0,https://www.inaturalist.org/photos/428618711
211898180,Spizelloides arborea,0,https://www.inaturalist.org/photos/211898180
391284835,Spizelloides arborea,0,https://www.inaturalist.org/photos/391284835
209723483,Spizelloides arborea,0,https://www.inaturalist.org/photos/209723483
323650224,Spizelloides arborea,0,https://www.inaturalist.org/photos/323650224
147377013,Spizelloides arborea,0,https://www.inaturalist.org/photos/147377013
152503398,Spizelloides arborea,0,https://www.inaturalist.org/photos/152503398
400353839,Spizelloides arborea,0,https://www.inaturalist.org/photos/400353839
393104996,Spizelloides arborea,0,https://www.inaturalist.org/photos/393104996
301540273,Spizelloides arborea,0,https://www.inaturalist.org/photos/301540273
20911280,Spizelloides arborea,0,https://www.inaturalist.org/photos/20911280
220094523,Spizelloides arborea,0,https://www.inaturalist.org/photos/220094523
15755729,Spizelloides arborea,0,https://www.inaturalist.org/photos/15755729
400353871,Spizelloides arborea,0,https://www.inaturalist.org/photos/400353871