photo_id,species,marked,inat_url
43826558,Spizelloides arborea,0,https://www.inaturalist.org/photos/43826558
210864997,Spizelloides arborea,0,https://www.inaturalist.org/photos/210864997
210864927,Spizelloides arborea,0,https://www.inaturalist.org/photos/210864927
415170582,Spizelloides arborea,0,https://www.inaturalist.org/photos/415170582
152771910,Spizelloides arborea,0,https://www.inaturalist.org/photos/152771910
136195120,Spizelloides arborea,0,https://www.inaturalist.org/photos/136195120
224359075,Spizelloides arborea,0,https://www.inaturalist.org/photos/224359075
92236911,Spizelloides arborea,0,https://www.inaturalist.org/photos/92236911
203136973,Spizelloides arborea,0,https://www.inaturalist.org/photos/203136973
301715979,Spizelloides arborea,0,https://www.inaturalist.org/photos/301715979
356100972,Spizelloides arborea,0,https://www.inaturalist.org/photos/356100972
210864866,Spizelloides arborea,0,https://www.inaturalist.org/photos/210864866
135640639,Spizelloides arborea,0,https://www.inaturalist.org/photos/135640639
57162115,Spizelloides arborea,0,https://www.inaturalist.org/photos/57162115
330412678,Spizelloides arborea,0,https://www.inaturalist.org/photos/330412678
155270807,Spizelloides arborea,0,https://www.inaturalist.org/photos/155270807
90002810,Spizelloides arborea,0,https://www.inaturalist.org/photos/90002810
135644199,Spizelloides arborea,0,https://www.inaturalist.org/photos/135644199
2087195,Spizelloides arborea,0,https://www.inaturalist.org/photos/2087195
224009776,Spizelloides arborea,0,https://www.inaturalist.org/photos/224009776
323316754,Spizelloides arborea,0,https://www.inaturalist.org/photos/323316754
425058973,Spizelloides arborea,0,https://www.inaturalist.org/photos/425058973
425058209,Spizelloides arborea,0,https://www.inaturalist.org/photos/425058209
139440927,Spizelloides arborea,0,https://www.inaturalist.org/photos/139440927
43658724,Spizelloides arborea,0,https://www.inaturalist.org/photos/43658724
301128750,Spizelloides arborea,0,https://www.inaturalist.org/photos/301128750
44298329,Spizelloides arborea,0,https://www.inaturalist.org/photos/44298329
242121033,Spizelloides arborea,0,https://www.inaturalist.org/photos/242121033
8895071,Spizelloides arborea,0,https://www.inaturalist.org/photos/8895071
6562459,Spizelloides arborea,0,https://www.inaturalist.org/photos/6562459
68141965,Spizelloides arborea,0,https://www.inaturalist.org/photos/68141965
155270875,Spizelloides arborea,0,https://www.inaturalist.org/photos/155270875
20911285,Spizelloides arborea,0,https://www.inaturalist.org/photos/20911285
56984862,Spizelloides arborea,0,https://www.inaturalist.org/photos/56984862
242121041,Spizelloides arborea,0,https://www.inaturalist.org/photos/242121041
102057140,Spizelloides arborea,0,https://www.inaturalist.org/photos/102057140
244468728,Spizelloides arborea,0,https://www.inaturalist.org/photos/244468728
422172461,Spizelloides arborea,0,https://www.inaturalist.org/photos/422172461
286409475,Spizelloides arborea,0,https://www.inaturalist.org/photos/286409475
207560109,Spizelloides arborea,0,https://www.inaturalist.org/photos/207560109
136164789,Spizelloides arborea,0,https://www.inaturalist.org/photos/136164789
242121053,Spizelloides arborea,0,https://www.inaturalist.org/photos/242121053
207884518,Spizelloides arborea,0,https://www.inaturalist.org/photos/207884518
224005248,Spizelloides arborea,0,https://www.inaturalist.org/photos/224005248
90002745,Spizelloides arborea,0,https://www.inaturalist.org/photos/90002745
90372990,Spizelloides arborea,0,https://www.inaturalist.org/photos/90372990
8417631,Spizelloides arborea,0,https://www.inaturalist.org/photos/8417631
209723531,Spizelloides arborea,0,https://www.inaturalist.org/photos/209723531
331276215,Spizelloides arborea,0,https://www.inaturalist.org/photos/331276215
90002943,Spizelloides arborea,0,https://www.inaturalist.org/photos/90002943
238642,Spizelloides arborea,0,https://www.inaturalist.org/photos/238642
172543198,Spizelloides arborea,0,https://www.inaturalist.org/photos/172543198
152351238,Spizelloides arborea,0,https://www.inaturalist.org/photos/152351238
172543211,Spizelloides arborea,0,https://www.inaturalist.org/photos/172543211
154266585,Spizelloides arborea,0,https://www.inaturalist.org/photos/154266585
113998334,Spizelloides arborea,0,https://www.inaturalist.org/photos/113998334
91764380,Spizelloides arborea,0,https://www.inaturalist.org/photos/91764380
56984853,Spizelloides arborea,0,https://www.inaturalist.org/photos/56984853
357929870,Spizelloides arborea,0,https://www.inaturalist.org/photos/357929870
5507448,Spizelloides arborea,0,https://www.inaturalist.org/photos/5507448
92236939,Spizelloides arborea,0,https://www.inaturalist.org/photos/92236939
331501082,Spizelloides arborea,0,https://www.inaturalist.org/photos/331501082
215106054,Spizelloides arborea,0,https://www.inaturalist.org/photos/215106054
92379704,Spizelloides arborea,0,https://www.inaturalist.org/photos/92379704
407653822,Spizelloides arborea,0,https://www.inaturalist.org/photos/407653822
161321180,Spizelloides arborea,0,https://www.inaturalist.org/photos/161321180
83194128,Spizelloides arborea,0,https://www.inaturalist.org/photos/83194128
154095347,Spizelloides arborea,0,https://www.inaturalist.org/photos/154095347
207576934,Spizelloides arborea,0,https://www.inaturalist.org/photos/207576934
425058210,Spizelloides arborea,0,https://www.inaturalist.org/photos/425058210
420235471,Spizelloides arborea,0,https://www.inaturalist.org/photos/420235471
299575180,Spizelloides arborea,0,https://www.inaturalist.org/photos/299575180
135646210,Spizelloides arborea,0,https://www.inaturalist.org/photos/135646210
351704568,Spizelloides arborea,0,https://www.inaturalist.org/photos/351704568
334683297,Spizelloides arborea,0,https://www.inaturalist.org/photos/334683297
172543212,Spizelloides arborea,0,https://www.inaturalist.org/photos/172543212
297199527,Spizelloides arborea,0,https://www.inaturalist.org/photos/297199527
299575164,Spizelloides arborea,0,https://www.inaturalist.org/photos/299575164
206235561,Spizelloides arborea,0,https://www.inaturalist.org/photos/206235561
151347670,Spizelloides arborea,0,https://www.inaturalist.org/photos/151347670
174331244,Spizelloides arborea,0,https://www.inaturalist.org/photos/174331244
88968882,Spizelloides arborea,0,https://www.inaturalist.org/photos/88968882
92379802,Spizelloides arborea,0,https://www.inaturalist.org/photos/92379802
91764443,Spizelloides arborea,0,https://www.inaturalist.org/photos/91764443
9662889,Spizelloides arborea,0,https://www.inaturalist.org/photos/9662889
61837866,Spizelloides arborea,0,https://www.inaturalist.org/photos/61837866
204011756,Spizelloides arborea,0,https://www.inaturalist.org/photos/204011756
331276189,Spizelloides arborea,0,https://www.inaturalist.org/photos/331276189
190785502,Spizelloides arborea,0,https://www.inaturalist.org/photos/190785502
195351,Spizelloides arborea,0,https://www.inaturalist.org/photos/195351
209723565,Spizelloides arborea,0,https://www.inaturalist.org/photos/209723565
210750688,Spizelloides arborea,0,https://www.inaturalist.org/photos/210750688
8458526,Spizelloides arborea,0,https://www.inaturalist.org/photos/8458526
331501087,Spizelloides arborea,0,https://www.inaturalist.org/photos/331501087
207582233,Spizelloides arborea,0,https://www.inaturalist.org/photos/207582233
88969201,Spizelloides arborea,0,https://www.inaturalist.org/photos/88969201
207576948,Spizelloides arborea,0,https://www.inaturalist.org/photos/207576948
152503416,Spizelloides arborea,0,https://www.inaturalist.org/photos/152503416
42989305,Spizelloides arborea,0,https://www.inaturalist.org/photos/42989305
31290877,Spizelloides arborea,0,https://www.inaturalist.org/photos/31290877
134985630,Spizelloides arborea,0,https://www.inaturalist.org/photos/134985630
420235418,Spizelloides arborea,0,https://www.inaturalist.org/photos/420235418
357041410,Spizelloides arborea,0,https://www.inaturalist.org/photos/357041410
236590326,Spizelloides arborea,0,https://www.inaturalist.org/photos/236590326
42989801,Spizelloides arborea,0,https://www.inaturalist.org/photos/42989801
220094460,Spizelloides arborea,0,https://www.inaturalist.org/photos/220094460
224359010,Spizelloides arborea,0,https://www.inaturalist.org/photos/224359010
207560121,Spizelloides arborea,0,https://www.inaturalist.org/photos/207560121
211509705,Spizelloides arborea,0,https://www.inaturalist.org/photos/211509705
286794157,Spizelloides arborea,0,https://www.inaturalist.org/photos/286794157
330417231,Spizelloides arborea,0,https://www.inaturalist.org/photos/330417231
292432667,Spizelloides arborea,0,https://www.inaturalist.org/photos/292432667
170607612,Spizelloides arborea,0,https://www.inaturalist.org/photos/170607612
224005101,Spizelloides arborea,0,https://www.inaturalist.org/photos/224005101
174331259,Spizelloides arborea,0,https://www.inaturalist.org/photos/174331259
357041378,Spizelloides arborea,0,https://www.inaturalist.org/photos/357041378
211374,Spizelloides arborea,0,https://www.inaturalist.org/photos/211374
44387079,Spizelloides arborea,0,https://www.inaturalist.org/photos/44387079
139441067,Spizelloides arborea,0,https://www.inaturalist.org/photos/139441067
418375833,Spizelloides arborea,0,https://www.inaturalist.org/photos/418375833
292425149,Spizelloides arborea,0,https://www.inaturalist.org/photos/292425149
92379741,Spizelloides arborea,0,https://www.inaturalist.org/photos/92379741
408780866,Spizelloides arborea,0,https://www.inaturalist.org/photos/408780866
299575207,Spizelloides arborea,0,https://www.inaturalist.org/photos/299575207
42989300,Spizelloides arborea,0,https://www.inaturalist.org/photos/42989300
330412674,Spizelloides arborea,0,https://www.inaturalist.org/photos/330412674
408780653,Spizelloides arborea,0,https://www.inaturalist.org/photos/408780653
42989312,Spizelloides arborea,0,https://www.inaturalist.org/photos/42989312
300996032,Spizelloides arborea,0,https://www.inaturalist.org/photos/300996032
54915583,Spizelloides arborea,0,https://www.inaturalist.org/photos/54915583
215106361,Spizelloides arborea,0,https://www.inaturalist.org/photos/215106361
330417204,Spizelloides arborea,0,https://www.inaturalist.org/photos/330417204
8470361,Spizelloides arborea,0,https://www.inaturalist.org/photos/8470361
215659191,Spizelloides arborea,0,https://www.inaturalist.org/photos/215659191
139441124,Spizelloides arborea,0,https://www.inaturalist.org/photos/139441124
83194123,Spizelloides arborea,0,https://www.inaturalist.org/photos/83194123
351704555,Spizelloides arborea,0,https://www.inaturalist.org/photos/351704555
209985327,Spizelloides arborea,0,https://www.inaturalist.org/photos/209985327
357041361,Spizelloides arborea,0,https://www.inaturalist.org/photos/357041361
1005148,Spizelloides arborea,0,https://www.inaturalist.org/photos/1005148
13402712,Spizelloides arborea,0,https://www.inaturalist.org/photos/13402712
400353808,Spizelloides arborea,0,https://www.inaturalist.org/photos/400353808
207560091,Spizelloides arborea,0,https://www.inaturalist.org/photos/207560091
92921627,Spizelloides arborea,0,https://www.inaturalist.org/photos/92921627
399046568,Spizelloides arborea,0,https://www.inaturalist.org/photos/399046568
92236891,Spizelloides arborea,0,https://www.inaturalist.org/photos/92236891
407653890,Spizelloides arborea,0,https://www.inaturalist.org/photos/407653890
8417624,Spizelloides arborea,0,https://www.inaturalist.org/photos/8417624
207582217,Spizelloides arborea,0,https://www.inaturalist.org/photos/207582217
95232401,Spizelloides arborea,0,https://www.inaturalist.org/photos/95232401
83194149,Spizelloides arborea,0,https://www.inaturalist.org/photos/83194149
207560138,Spizelloides arborea,0,https://www.inaturalist.org/photos/207560138
350487178,Spizelloides arborea,0,https://www.inaturalist.org/photos/350487178
30119427,Spizelloides arborea,0,https://www.inaturalist.org/photos/30119427
209723578,Spizelloides arborea,0,https://www.inaturalist.org/photos/209723578
152503434,Spizelloides arborea,0,https://www.inaturalist.org/photos/152503434
298887088,Spizelloides arborea,0,https://www.inaturalist.org/photos/298887088
330417206,Spizelloides arborea,0,https://www.inaturalist.org/photos/330417206
207560058,Spizelloides arborea,0,https://www.inaturalist.org/photos/207560058
215105999,Spizelloides arborea,0,https://www.inaturalist.org/photos/215105999
209499963,Spizelloides arborea,0,https://www.inaturalist.org/photos/209499963
151348293,Spizelloides arborea,0,https://www.inaturalist.org/photos/151348293
407929960,Spizelloides arborea,0,https://www.inaturalist.org/photos/407929960
206736177,Spizelloides arborea,0,https://www.inaturalist.org/photos/206736177
331501083,Spizelloides arborea,0,https://www.inaturalist.org/photos/331501083
330417189,Spizelloides arborea,0,https://www.inaturalist.org/photos/330417189
293189449,Spizelloides arborea,0,https://www.inaturalist.org/photos/293189449
78060894,Spizelloides arborea,0,https://www.inaturalist.org/photos/78060894
226048285,Spizelloides arborea,0,https://www.inaturalist.org/photos/226048285
152503469,Spizelloides arborea,0,https://www.inaturalist.org/photos/152503469
407929797,Spizelloides arborea,0,https://www.inaturalist.org/photos/407929797
351680892,Spizelloides arborea,0,https://www.inaturalist.org/photos/351680892
286793878,Spizelloides arborea,0,https://www.inaturalist.org/photos/286793878
301670832,Spizelloides arborea,0,https://www.inaturalist.org/photos/301670832
155270938,Spizelloides arborea,0,https://www.inaturalist.org/photos/155270938
316473578,Spizelloides arborea,0,https://www.inaturalist.org/photos/316473578
316473775,Spizelloides arborea,0,https://www.inaturalist.org/photos/316473775
92921569,Spizelloides arborea,0,https://www.inaturalist.org/photos/92921569
301715970,Spizelloides arborea,0,https://www.inaturalist.org/photos/301715970
90003078,Spizelloides arborea,0,https://www.inaturalist.org/photos/90003078
221887320,Spizelloides arborea,0,https://www.inaturalist.org/photos/221887320
298292375,Spizelloides arborea,0,https://www.inaturalist.org/photos/298292375
207413614,Spizelloides arborea,0,https://www.inaturalist.org/photos/207413614
90002659,Spizelloides arborea,0,https://www.inaturalist.org/photos/90002659
42658059,Spizelloides arborea,0,https://www.inaturalist.org/photos/42658059
224360950,Spizelloides arborea,0,https://www.inaturalist.org/photos/224360950
19241400,Spizelloides arborea,0,https://www.inaturalist.org/photos/19241400
211562830,Spizelloides arborea,0,https://www.inaturalist.org/photos/211562830
136164841,Spizelloides arborea,0,https://www.inaturalist.org/photos/136164841
298887071,Spizelloides arborea,0,https://www.inaturalist.org/photos/298887071
357929852,Spizelloides arborea,0,https://www.inaturalist.org/photos/357929852
298887057,Spizelloides arborea,0,https://www.inaturalist.org/photos/298887057
194360148,Spizelloides arborea,0,https://www.inaturalist.org/photos/194360148
407929868,Spizelloides arborea,0,https://www.inaturalist.org/photos/407929868
391284835,Spizelloides arborea,0,https://www.inaturalist.org/photos/391284835
299575145,Spizelloides arborea,0,https://www.inaturalist.org/photos/299575145
88969060,Spizelloides arborea,0,https://www.inaturalist.org/photos/88969060
207560076,Spizelloides arborea,0,https://www.inaturalist.org/photos/207560076
238641,Spizelloides arborea,0,https://www.inaturalist.org/photos/238641
30119428,Spizelloides arborea,0,https://www.inaturalist.org/photos/30119428
316473065,Spizelloides arborea,0,https://www.inaturalist.org/photos/316473065
49415455,Spizelloides arborea,0,https://www.inaturalist.org/photos/49415455
2920725,Spizelloides arborea,0,https://www.inaturalist.org/photos/2920725
221887341,Spizelloides arborea,0,https://www.inaturalist.org/photos/221887341
4494520,Spizelloides arborea,0,https://www.inaturalist.org/photos/4494520
83194154,Spizelloides arborea,0,https://www.inaturalist.org/photos/83194154
152503398,Spizelloides arborea,0,https://www.inaturalist.org/photos/152503398
44387012,Spizelloides arborea,0,https://www.inaturalist.org/photos/44387012
215106210,Spizelloides arborea,0,https://www.inaturalist.org/photos/215106210
330417188,Spizelloides arborea,0,https://www.inaturalist.org/photos/330417188
330417229,Spizelloides arborea,0,https://www.inaturalist.org/photos/330417229
136164817,Spizelloides arborea,0,https://www.inaturalist.org/photos/136164817
147377154,Spizelloides arborea,0,https://www.inaturalist.org/photos/147377154
209723508,Spizelloides arborea,0,https://www.inaturalist.org/photos/209723508
172543068,Spizelloides arborea,0,https://www.inaturalist.org/photos/172543068
221887595,Spizelloides arborea,0,https://www.inaturalist.org/photos/221887595
211898180,Spizelloides arborea,0,https://www.inaturalist.org/photos/211898180
147377013,Spizelloides arborea,0,https://www.inaturalist.org/photos/147377013
154095298,Spizelloides arborea,0,https://www.inaturalist.org/photos/154095298
45819689,Spizelloides arborea,0,https://www.inaturalist.org/photos/45819689
330417179,Spizelloides arborea,0,https://www.inaturalist.org/photos/330417179
242121069,Spizelloides arborea,0,https://www.inaturalist.org/photos/242121069
88968967,Spizelloides arborea,0,https://www.inaturalist.org/photos/88968967
207560160,Spizelloides arborea,0,https://www.inaturalist.org/photos/207560160
91764722,Spizelloides arborea,0,https://www.inaturalist.org/photos/91764722
300018833,Spizelloides arborea,0,https://www.inaturalist.org/photos/300018833
330417194,Spizelloides arborea,0,https://www.inaturalist.org/photos/330417194
330417171,Spizelloides arborea,0,https://www.inaturalist.org/photos/330417171
221887383,Spizelloides arborea,0,https://www.inaturalist.org/photos/221887383
323650212,Spizelloides arborea,0,https://www.inaturalist.org/photos/323650212
209723483,Spizelloides arborea,0,https://www.inaturalist.org/photos/209723483
422172552,Spizelloides arborea,0,https://www.inaturalist.org/photos/422172552
221887616,Spizelloides arborea,0,https://www.inaturalist.org/photos/221887616
221887362,Spizelloides arborea,0,https://www.inaturalist.org/photos/221887362
88969234,Spizelloides arborea,0,https://www.inaturalist.org/photos/88969234
149581231,Spizelloides arborea,0,https://www.inaturalist.org/photos/149581231
298292255,Spizelloides arborea,0,https://www.inaturalist.org/photos/298292255
47368023,Spizelloides arborea,0,https://www.inaturalist.org/photos/47368023
152305776,Spizelloides arborea,0,https://www.inaturalist.org/photos/152305776
5265703,Spizelloides arborea,0,https://www.inaturalist.org/photos/5265703
301540273,Spizelloides arborea,0,https://www.inaturalist.org/photos/301540273
428618711,Spizelloides arborea,0,https://www.inaturalist.org/photos/428618711
356100987,Spizelloides arborea,0,https://www.inaturalist.org/photos/356100987
304014629,Spizelloides arborea,0,https://www.inaturalist.org/photos/304014629
88968785,Spizelloides arborea,0,https://www.inaturalist.org/photos/88968785
323650224,Spizelloides arborea,0,https://www.inaturalist.org/photos/323650224
400353839,Spizelloides arborea,0,https://www.inaturalist.org/photos/400353839
393104996,Spizelloides arborea,0,https://www.inaturalist.org/photos/393104996
400353871,Spizelloides arborea,0,https://www.inaturalist.org/photos/400353871
20911280,Spizelloides arborea,0,https://www.inaturalist.org/photos/20911280
15755729,Spizelloides arborea,0,https://www.inaturalist.org/photos/15755729
220094523,Spizelloides arborea,0,https://www.inaturalist.org/photos/220094523